titulo,empresa,pais,ubicacion_raw,modalidad,desc_longitud,url
Operations Response Data Analyst,dLocal,ES,Teletrabajo,Presencial,109,https://es.indeed.com/viewjob?jk=e7563c89625a80f1
Revenue Operations (Sales Data Analyst),Viterbit,ES,Teletrabajo in España,Presencial,206,https://es.indeed.com/viewjob?jk=09023ad780247189
Data Analyst Consultant,Prenomics SL,ES,"Trabajo híbrido in 08001 Barcelona, Barcelona provincia",Híbrido,161,https://es.indeed.com/viewjob?jk=625bcf1a10775afb
(Senior) Research Data Analyst,Kielo Research,ES,Teletrabajo,Presencial,94,https://es.indeed.com/viewjob?jk=6fb743396ccffa32
Data Analyst Team Lead,Nacre Capital,ES,Teletrabajo,Presencial,85,https://es.indeed.com/viewjob?jk=0401757b4ee20293
BPI Project Coordinator,ADP,ES,"08005 Barcelona, Barcelona provincia",Presencial,70,https://es.indeed.com/viewjob?jk=b3098452368b2df1
,,ES,,Presencial,0,https://es.indeed.com/viewjob?jk=0f1e2d3c4b5a6978
Bilingual Business Analyst,TechBiz Global GmbH,ES,"Teletrabajo in Barcelona, Barcelona provincia",Presencial,129,https://es.indeed.com/viewjob?jk=ee071c6c0b5e83cd
Senior Product Data Analyst,Booksy,ES,Teletrabajo,Presencial,120,https://es.indeed.com/viewjob?jk=9fe23fa92888db64
Energy Data Analyst,E&C,ES,"Trabajo híbrido in Valencia, Valencia provincia",Híbrido,146,https://es.indeed.com/viewjob?jk=4426d57986a1e08f
Data Analyst,Hector Kitchen,ES,"08013 Barcelona, Barcelona provincia",Presencial,101,https://es.indeed.com/viewjob?jk=adaffb64c12ea8d1
People Operations Specialist - Remote,Paymentology,ES,Teletrabajo,Presencial,99,https://es.indeed.com/viewjob?jk=b7e501ec77f2a4ac
"Data Engineer, Analytics",Rover.com,ES,"Trabajo híbrido in Barcelona, Barcelona provincia",Híbrido,154,https://es.indeed.com/viewjob?jk=3a577d8e5f1dc4bf
Property Data Analyst,JD España,ES,"Alicante, Alicante provincia",Presencial,80,https://es.indeed.com/viewjob?jk=eddb5374550868f7
Senior Data Analyst,Appodeal,ES,"Barcelona, Barcelona provincia",Presencial,79,https://es.indeed.com/viewjob?jk=4496d6a782288478
Campaign Analyst,Smadex SLU,ES,"Barcelona, Barcelona provincia",Presencial,159,https://es.indeed.com/viewjob?jk=31fbd764e601daee
Operations Analyst,FeverUp,ES,"Madrid, Madrid provincia",Presencial,71,https://es.indeed.com/viewjob?jk=7c43b74a5af857e8
Senior Data Scientist,FeverUp,ES,"Trabajo híbrido in Madrid, Madrid provincia",Híbrido,93,https://es.indeed.com/viewjob?jk=63121b767cc8fce1
Fraud & AML Rules Analyst,Mangopay,ES,"Madrid, Madrid provincia",Presencial,79,https://es.indeed.com/viewjob?jk=b7d29184c6600c76
,,ES,,Presencial,0,https://es.indeed.com/viewjob?jk=fedcba9876543210
Senior Financial Analyst,Appodeal,ES,"Barcelona, Barcelona provincia",Presencial,84,https://es.indeed.com/viewjob?jk=9d094e4526e66a04
Mid BI Engineer,Factorial,ES,"08005 Barcelona, Barcelona provincia",Presencial,82,https://es.indeed.com/viewjob?jk=44a0235ca4926279
Digital CRO & Analytics Specialist,ROCKET DIGITAL,ES,"Trabajo híbrido in 08008 Barcelona, Barcelona provincia",Híbrido,125,https://es.indeed.com/viewjob?jk=492cef561f3e4273
Sales Quality Assurance Analyst,Factorial,ES,"08005 Barcelona, Barcelona provincia",Presencial,98,https://es.indeed.com/viewjob?jk=b4973f96341a03c3
Chief Data Science Officer,Appodeal,ES,"Barcelona, Barcelona provincia",Presencial,86,https://es.indeed.com/viewjob?jk=1add65b83ddd73a3
Senior FP&A Analyst,IPC Systems,ES,"Trabajo híbrido in Madrid, Madrid provincia",Híbrido,112,https://es.indeed.com/viewjob?jk=218039dfe97cafbd
Senior Procurement Analyst,FeverUp,ES,"Madrid, Madrid provincia",Presencial,96,https://es.indeed.com/viewjob?jk=381e6557c4d7aaac
Data Analyst - PowerBI Specialist,Centauro Rent a Car S.L.U.,ES,"Trabajo híbrido in 03509 Finestrat, Alicante provincia",Híbrido,174,https://es.indeed.com/viewjob?jk=e3fc0abfb55232d5
Data Analyst,Inetum Spain,ES,"Teletrabajo in Madrid, Madrid provincia",Presencial,174,https://es.indeed.com/viewjob?jk=3594ea1e78f58f5f
BI / Data Visualization Developer,Inetum Spain,ES,"Teletrabajo in Madrid, Madrid provincia",Presencial,195,https://es.indeed.com/viewjob?jk=71b92948f99507ca
Data Analyst (Codefinity),Genesis,ES,"Madrid, Madrid provincia",Presencial,95,https://es.indeed.com/viewjob?jk=c0a5db546f0c47f3
Compliance Analyst - KYB,Binance,ES,Teletrabajo,Presencial,81,https://es.indeed.com/viewjob?jk=50e105960c9f3b63
"Business Analyst Intern, GIII (Karl Lagerfeld y DKNY) - Madrid",All We Wear Group,ES,"Madrid, Madrid provincia",Presencial,147,https://es.indeed.com/viewjob?jk=88afe51355fec63d
Food Operations Data Integration Analyst,Stolt-Nielsen B.V.,ES,"Santiago de Compostela, A Coruña provincia",Presencial,139,https://es.indeed.com/viewjob?jk=b751b871c30bac74
Senior Data Analyst,Turner & Townsend,ES,"Madrid, Madrid provincia",Presencial,99,https://es.indeed.com/viewjob?jk=55ce33b41031ed8b
Business Data Analyst - Lab process reengineering.,Eurofins,ES,"Murcia, Murcia provincia",Presencial,164,https://es.indeed.com/viewjob?jk=3fa0c43ee5249de4
Product Analyst (Codefinity),Genesis,ES,"Madrid, Madrid provincia",Presencial,98,https://es.indeed.com/viewjob?jk=43ee911c505193bc
Business Intelligence Analyst (Filled),Securitas Direct España S.A.U,ES,"Trabajo híbrido in 28223 Pozuelo de Alarcón, Madrid provincia",Híbrido,254,https://es.indeed.com/viewjob?jk=e14f3ee19ae21c4d
Senior Data Analyst (English Mandatory),Sopra Steria,ES,"08011 Barcelona, Barcelona provincia",Presencial,163,https://es.indeed.com/viewjob?jk=79a593cf3f137459
KYB Analyst,Satispay,ES,"Trabajo híbrido in Barcelona, Barcelona provincia",Híbrido,126,https://es.indeed.com/viewjob?jk=365409c5001b5bef
,,ES,,Presencial,0,https://es.indeed.com/viewjob?jk=f1e2d3c4b5a67890
"Research Analyst, Iberian Power Markets",Aurora Energy Research,ES,"Trabajo híbrido in 28016 Madrid, Madrid provincia",Híbrido,166,https://es.indeed.com/viewjob?jk=a9cd919375b45fc0
Senior Product Data Analyst,EcoVadis,ES,"Trabajo híbrido in Barcelona, Barcelona provincia",Híbrido,166,https://es.indeed.com/viewjob?jk=b9fadb67dd9f092c
Experienced Data Analyst - Reporting Library & Data Governance (m/f/d),"MEDIA MARKT SATURN TH SERVICES BARCELONA, S.A.",ES,"Barcelona, Barcelona provincia",Presencial,200,https://es.indeed.com/viewjob?jk=736fe1d7728ddc9e
Growth Marketing Analyst,Kaplan Languages Group,ES,"Trabajo híbrido in Barcelona, Barcelona provincia",Híbrido,134,https://es.indeed.com/viewjob?jk=58ad3134462b4ab2
IT Business Analyst ( Barcelona - English Mandatory),Sopra Steria,ES,"08011 Barcelona, Barcelona provincia",Presencial,176,https://es.indeed.com/viewjob?jk=deaba371a923219d
Business Intelligence specialist - 100% on- site,DO & CO,ES,"Madrid, Madrid provincia",Presencial,156,https://es.indeed.com/viewjob?jk=4dd39413d301cb1b
Data Governance Expert for Data Analytics Tools,Fusion Consulting,ES,"Barcelona, Barcelona provincia",Presencial,159,https://es.indeed.com/viewjob?jk=89ef7e9d17dc9cc3
Business Process Analyst Infosec,ESML SD Iberia Holding S A U,ES,"28223 Pozuelo de Alarcón, Madrid provincia",Presencial,141,https://es.indeed.com/viewjob?jk=76599a9fcd4ee008
Business Analyst (Salesforce),Docplanner,ES,"Teletrabajo in Barcelona, Barcelona provincia",Presencial,175,https://es.indeed.com/viewjob?jk=9726a99ff6be4600
IT Support Analyst – Global Platforms,Talan,ES,"Málaga, Málaga provincia",Presencial,158,https://es.indeed.com/viewjob?jk=8c5013c5afe469bc
MDM Functional Analyst,SGS,ES,"Trabajo híbrido in 28042 Madrid, Madrid provincia",Híbrido,151,https://es.indeed.com/viewjob?jk=05ec33ee9132188a
,,ES,,Presencial,0,https://es.indeed.com/viewjob?jk=abcdef0123456789
Data Engineering Lead,SeQura,ES,"Teletrabajo in 08010 Barcelona, Barcelona provincia",Presencial,117,https://es.indeed.com/viewjob?jk=e0d21206dd875602
Head of Data Science & Analytics,Heetch,ES,"Trabajo híbrido in Barcelona, Barcelona provincia",Híbrido,132,https://es.indeed.com/viewjob?jk=fb001fc2b226d01a
FP&A Analyst _ IT and Global costs,Kaplan Languages Group,ES,"Barcelona, Barcelona provincia",Presencial,125,https://es.indeed.com/viewjob?jk=37f9753c1935d689
Business Continuity Management Analyst,ESML SD Iberia Holding S A U,ES,"28223 Pozuelo de Alarcón, Madrid provincia",Presencial,147,https://es.indeed.com/viewjob?jk=eb436327c068ea3e
Technical Lead Java con francés_Proyecto internacional,Inetum Levante,ES,"Alicante, Alicante provincia",Presencial,199,https://es.indeed.com/viewjob?jk=1b27e9449016a1b8
Software Developer,ESML SD Iberia Holding S A U,ES,"28223 Pozuelo de Alarcón, Madrid provincia",Presencial,127,https://es.indeed.com/viewjob?jk=95266627c5536854
SSR - Cybersecurity Analyst,Talan,ES,"Málaga, Málaga provincia",Presencial,148,https://es.indeed.com/viewjob?jk=dc2255d1a19ba6f5
Data Analyst,Grupo Lanit,ES,Teletrabajo in España,Presencial,117,https://es.indeed.com/viewjob?jk=5ff3399ef8cfe1fa
Data Analyst,Booksy,ES,Teletrabajo,Presencial,105,https://es.indeed.com/viewjob?jk=1317639095225991
Data Analyst (remoto),agap2,ES,Teletrabajo in España,Presencial,117,https://es.indeed.com/viewjob?jk=9904ab9c2c54cf26
Data Analyst,MCEng España,ES,"Teletrabajo in 08015 Barcelona, Barcelona provincia",Presencial,114,https://es.indeed.com/viewjob?jk=3f05a49cc7108aeb
Data Analyst,RightHand,ES,"Teletrabajo in Barcelona, Barcelona provincia",Presencial,68,https://es.indeed.com/viewjob?jk=79a06cad6b40d1c0
Data Analyst Intern,Build38,ES,"Trabajo híbrido in Barcelona, Barcelona provincia",Híbrido,99,https://es.indeed.com/viewjob?jk=d1825536b86d14f1
Junior Strategy Data Analyst,InPost Iberia,ES,"Trabajo híbrido in 08014 Barcelona, Barcelona provincia",Híbrido,118,https://es.indeed.com/viewjob?jk=a94f0be37cf92aec
Data Analyst,Truv,ES,Teletrabajo,Presencial,29,https://es.indeed.com/viewjob?jk=26e77754d51cdeb4
FX Data Analyst - Intern,Kantox,ES,"Trabajo híbrido in Barcelona, Barcelona provincia",Híbrido,173,https://es.indeed.com/viewjob?jk=43ad4b0251199d6b
Data Analyst (Flights),Exoticca,ES,"Trabajo híbrido in Barcelona, Barcelona provincia",Híbrido,155,https://es.indeed.com/viewjob?jk=0c08228cc3044195
Data Analyst,Playtomic,ES,"Trabajo híbrido in 28001 Madrid, Madrid provincia",Híbrido,92,https://es.indeed.com/viewjob?jk=450ce94541811ebe
Data Internship Program (They/She/He),Glovo,ES,"08005 Barcelona, Barcelona provincia",Presencial,138,https://es.indeed.com/viewjob?jk=962f179a243039a4
Data Analyst,Veeva Systems,ES,Teletrabajo,Presencial,38,https://es.indeed.com/viewjob?jk=b85cf8023bc06f2d
Data Analyst,Prima,ES,"Trabajo híbrido in Madrid, Madrid provincia",Híbrido,138,https://es.indeed.com/viewjob?jk=055418f0b58cbe4a
Power Bi Developer,TechBiz Global GmbH,ES,"Teletrabajo in Barcelona, Barcelona provincia",Presencial,121,https://es.indeed.com/viewjob?jk=2ef6b22156fbf1ee
Data Analyst,Rakuten Global,ES,"Trabajo híbrido in Barcelona, Barcelona provincia",Híbrido,94,https://es.indeed.com/viewjob?jk=e97d56e8a74e1252
Data Analyst,Numero Data,US,Remote,Remoto,31,https://www.indeed.com/viewjob?jk=f80d53dbab3907e7
Data Analyst I or II,Obie,US,Remote,Remoto,59,https://www.indeed.com/viewjob?jk=31fd3cb932a7e788
Junior Data Analyst,Utilisave,US,Remote,Remoto,36,https://www.indeed.com/viewjob?jk=a7fadda4b5611dcd
Data Analyst,"Bridgeprep Academy, Inc.",US,"Miami, FL 33173",Presencial,53,https://www.indeed.com/viewjob?jk=92b16e6b2e9c0427
Data Analyst - Remote,ZYWAVE INC.,US,Remote,Remoto,40,https://www.indeed.com/viewjob?jk=01ba14405e62f31b
"Tactical Data Link Analyst ($5,000 Sign on Bonus Available)",Astrion,US,"Hampton, VA",Presencial,79,https://www.indeed.com/viewjob?jk=a14536174c083f9b
Business Analyst III - 180508,Raise,US,"Gastonia, NC 28056",Presencial,67,https://www.indeed.com/viewjob?jk=8652786896ac478c
Reporting Analyst,Thomas Instrument,US,"Brookshire, TX 77423",Presencial,56,https://www.indeed.com/viewjob?jk=91764fc3bd0173dc
Data Analyst,"Agile Consulting Group, Inc.",US,"Norcross, GA",Presencial,54,https://www.indeed.com/viewjob?jk=b99ce7bf9d363590
Data Analyst,Cervello Global Corporation,US,"Quantico, VA 22134",Presencial,59,https://www.indeed.com/viewjob?jk=32028f7f00eda875
Data Analyst,AKS Engineering & Forestry,US,"Tualatin, OR 97062",Presencial,58,https://www.indeed.com/viewjob?jk=75519f9453891d90
Data Analyst,"SOFT, Inc.",US,"Newark, NJ 07102 
(Central Business District area)",Presencial,74,https://www.indeed.com/viewjob?jk=7973c43b37cd2371
Data Analyst,Goodwill Industries Of Central Florida Inc,US,"Orlando, FL 32803 
(Colonial Town Center area)",Presencial,129,https://www.indeed.com/viewjob?jk=16c40592e8472027
Data Analyst II,Pekin Insurance,US,"Pekin, IL 61554",Presencial,47,https://www.indeed.com/viewjob?jk=ae1496e07a2f4fb0
Data Analyst,One to One Health,US,"Chattanooga, TN 37402 
(City Center/Downtown area)",Presencial,81,https://www.indeed.com/viewjob?jk=b7dbeb15e6ee86c0
Data Analyst,New England Cancer Specialists,US,"Westbrook, ME 04092",Presencial,90,https://www.indeed.com/viewjob?jk=197d9af03451a2ab
Data Analyst,Ascent360,US,Remote,Remoto,29,https://www.indeed.com/viewjob?jk=89653d7e9624c29e
Data Analyst II,Allagash Brewing,US,"Portland, ME 04103 
(Riverton area)",Presencial,68,https://www.indeed.com/viewjob?jk=de07ac2ad8f67e78
Associate Data Analyst,Internet Brands,US,"El Segundo, CA",Presencial,53,https://www.indeed.com/viewjob?jk=8eb7a475799b19a3
Advanced Analytics - Data and Analytics Business Analyst,Children's Medical Center,US,"Dallas, TX",Presencial,93,https://www.indeed.com/viewjob?jk=49301f156415a975
Data Analyst,GoodApple,US,"New York, NY",Presencial,35,https://www.indeed.com/viewjob?jk=2233e7ae15e45957
"Analyst, Data Analytics",PayPal,US,"Chicago, IL",Presencial,42,https://www.indeed.com/viewjob?jk=df75cf324c33d0f3
Mid-Level Data Analyst,NetImpact Strategies,US,Remote,Remoto,50,https://www.indeed.com/viewjob?jk=80818c98adacd649
Enrollment Data Analyst,American Fidelity Assurance,US,Remote,Remoto,58,https://www.indeed.com/viewjob?jk=b3f74492f452a751
Health Data Analyst,Insight,US,"Chicago, IL 60616 
(Bronzeville area)",Presencial,65,https://www.indeed.com/viewjob?jk=0fc284c409027994
Data Analyst,TriWest Healthcare Alliance,US,"Phoenix, AZ",Presencial,52,https://www.indeed.com/viewjob?jk=d64985a5a9dbee69
Data Analyst,Conway Regional Heath System,US,"Conway, AR 72034",Presencial,58,https://www.indeed.com/viewjob?jk=fe39ae02cced6a9a
Data Analyst,Relation Insurance Services,US,Remote,Remoto,47,https://www.indeed.com/viewjob?jk=c9195dcc53f1e1e9
,,US,,Presencial,0,https://www.indeed.com/viewjob?jk=a1b2c3d4e5f67890
Culture Data Analyst,YES Prep Public Schools,US,"Houston, TX 77033 
(Ost - South Union area)",Presencial,88,https://www.indeed.com/viewjob?jk=5dfcef0d820ed244
Data Analyst & Application Specialist,MajorKey,US,Remote,Remoto,53,https://www.indeed.com/viewjob?jk=bccb96c284d0e7fa
"Data Analyst, Supply Chain",Checkr,US,"Denver, CO",Presencial,44,https://www.indeed.com/viewjob?jk=d86afdc3c90be49a
Data Analyst 2,Primerica,US,"Duluth, GA 30099",Presencial,41,https://www.indeed.com/viewjob?jk=19a1abae41173581
Data Analyst II,Consumers Energy,US,"Jackson, MI",Presencial,44,https://www.indeed.com/viewjob?jk=12cdd27525a67e3e
Technical Data Analyst,Arkatechture,US,"Portland, ME",Presencial,48,https://www.indeed.com/viewjob?jk=106aa441bc4cd47c
Technical Analyst II 2025-02055,State of Wyoming,US,"Cheyenne, WY",Presencial,61,https://www.indeed.com/viewjob?jk=773da2d46e446a35
"Senior Analyst - Systems, Data & Analytics",Stevens Institute of Technology,US,"Hoboken, NJ",Presencial,86,https://www.indeed.com/viewjob?jk=6be66ad4803cc482
Data Analyst,Alabama Credit Union,US,"Tuscaloosa, AL 35401 
(University area)",Presencial,73,https://www.indeed.com/viewjob?jk=95354509d7f03664
Lead Business Analyst ( Hybrid- NYC),Broadridge,US,"New York, NY 10001 
(Garment District area)",Presencial,91,https://www.indeed.com/viewjob?jk=f9b7d56b40528788
Business Intelligence Reporting Analyst,The Forge Companies,US,"Mooresville, NC 28117",Presencial,81,https://www.indeed.com/viewjob?jk=cf50af165d97b001
Business Analyst Talent Community,NYSTEC,US,"Albany, NY 12207",Presencial,57,https://www.indeed.com/viewjob?jk=d08ef0b8c9418e56
Data Analyst,"Lockton, Inc.",US,"Kansas City, MO 64112 
(Country Club Plaza area)",Presencial,75,https://www.indeed.com/viewjob?jk=a85e65587ff2fbe9
"Lead Technical Analyst, Private Markets",Russell Investments,US,"Seattle, WA 98101 
(Downtown area)",Presencial,94,https://www.indeed.com/viewjob?jk=680395cc80844e2f
Business Analyst,InTulsa Initiative LLC,US,"Tulsa, OK 74103 
(Downtown area)",Presencial,72,https://www.indeed.com/viewjob?jk=eaa3269f6364e5d5
Product Analyst II,"Availity, LLC.",US,Remote,Remoto,40,https://www.indeed.com/viewjob?jk=1483c43a7e9d631a
Call Center Data Analyst,Antech Diagnostics,US,"Lake Success, NY 11042",Presencial,66,https://www.indeed.com/viewjob?jk=809ccc32298a2d0e
Client Advisory Analyst,Convey Health Solutions,US,"Fort Lauderdale, FL 33394 
(Downtown area)",Presencial,90,https://www.indeed.com/viewjob?jk=6d6c8081b02d23c9
Data and Business Analyst,Illinois Institute of Technology,US,"Chicago, IL 60616 
(Bronzeville area)",Presencial,96,https://www.indeed.com/viewjob?jk=f23e273aa3c57f8a
MANAGEMENT ANALYST,Los Angeles County Department of Human Resources,US,"Los Angeles County, CA",Presencial,90,https://www.indeed.com/viewjob?jk=0a520fbcd228aac3
Business Intelligence Analyst,Sajix,US,"Pleasanton, CA 94566",Presencial,56,https://www.indeed.com/viewjob?jk=5ef972ea3ffac3c1
LFI Senior Business Analyst,Western Alliance Bank,US,"Phoenix, AZ 
(Central City area)",Presencial,82,https://www.indeed.com/viewjob?jk=1e0539ef8aedee12
Business Analyst,Institute for Building Technology and Safety,US,"Baton Rouge, LA 70816",Presencial,83,https://www.indeed.com/viewjob?jk=9d86687e0dac7b18
Business Intelligence Analyst,"E.R. Snell Contractor, Inc.",US,"Snellville, GA",Presencial,72,https://www.indeed.com/viewjob?jk=3828f87e537347e1
Data Analyst,Bloomberg BNA,US,"Arlington, VA 22202 
(Aurora Highlands area)",Presencial,71,https://www.indeed.com/viewjob?jk=50bb208fb09b7ccb
Product Analyst,LevelEleven,US,"Detroit, MI",Presencial,39,https://www.indeed.com/viewjob?jk=d09db62f3af0c1e8
Business Analyst II,Berkley,US,"Irving, TX 75039 
(Las Colinas Urban Center area)",Presencial,77,https://www.indeed.com/viewjob?jk=49c538d727326d71
"Performance Reporting Analyst, Command Center",Hawaii Medical Service Association,US,"Honolulu, HI 96814 
(Ala Moana-Kakaako area)",Presencial,125,https://www.indeed.com/viewjob?jk=5645f0e63e1f7af6
SharePoint Business Analyst (Data & Automation Focus),STV Group,US,"Pompano Beach, FL",Presencial,81,https://www.indeed.com/viewjob?jk=a30a1e59c5da0cd4
Senior Business Analyst,ACCO Engineered Systems,US,"Pasadena, CA 91101 
(Pasadena area)",Presencial,83,https://www.indeed.com/viewjob?jk=eb4fa23090e807ba
"Data Analyst, Business Services",Community College of Baltimore County,US,"Catonsville, MD",Presencial,112,https://www.indeed.com/viewjob?jk=7d5c94c2b2d205ac
Data Analyst (MS Power BI/AWS Glue),Abacus Technology,US,"Quantico, VA",Presencial,66,https://www.indeed.com/viewjob?jk=b2c421f822a2492f
"Data Analyst, Customer Analytics",Workhuman,US,"Framingham, MA",Presencial,57,https://www.indeed.com/viewjob?jk=e69bfb59bad22bd3
Customer Data Analyst,Phenom People,US,"Ambler, PA",Presencial,46,https://www.indeed.com/viewjob?jk=451fd4cbbf7d0dc3
Senior Data Analyst & Governance,Independence Pet Group,US,"Chicago, IL",Presencial,67,https://www.indeed.com/viewjob?jk=5ecb0aca73508a7e
Remote Momentum Financials Data Analyst,Trilogy Federal LLC,US,"Arlington, VA",Presencial,73,https://www.indeed.com/viewjob?jk=0e9cb736e84f2ce5
Remote Senior Momentum Financials Data Analyst,Trilogy Federal LLC,US,"Arlington, VA",Presencial,80,https://www.indeed.com/viewjob?jk=3c0957d515cc8a6b
Business Analyst,Disruptive Tech Solutions,US,"Jacksonville, FL",Presencial,59,https://www.indeed.com/viewjob?jk=4e6ab27a3b41914e
"SSC AATS - Business Analyst (Patrick Space Force Base, FL)",Integrated Data Services,US,"Patrick Space Force Base, FL 32925",Presencial,118,https://www.indeed.com/viewjob?jk=2ba15c8be5625c31
"Data Analyst, Merchant Health",Riskified,US,"New York, NY 10001 
(NoMad area)",Presencial,72,https://www.indeed.com/viewjob?jk=a919655a37cefdb9
Operations Analyst - US Government,Palantir Technologies,US,"Honolulu, HI",Presencial,69,https://www.indeed.com/viewjob?jk=5d72df3739a9cbf7
BUSINESS ANALYST - ATL,Alexander Group,US,"Atlanta, GA 30309 
(Midtown area)",Presencial,72,https://www.indeed.com/viewjob?jk=5188eedfedf11821
"eCommerce Analytics, Analyst",Rural King Supply,US,"Mattoon, IL 61938",Presencial,64,https://www.indeed.com/viewjob?jk=ec34e1b3219805aa
"NLADA-VISTA Data Systems Analyst, Solano County, CA",AmeriCorps,US,California,Presencial,73,https://www.indeed.com/viewjob?jk=89d50d235c812c41
Wms & AI Business Analyst,Unis,US,"Buena Park, CA",Presencial,45,https://www.indeed.com/viewjob?jk=5dacc648972c8615
Associate Business Analyst (ALDP),Peak6,US,"Austin, TX",Presencial,77,https://www.indeed.com/viewjob?jk=a3e02a6087b1357e
Data Analyst,Respect Consulting Group,UK,London,Presencial,44,https://uk.indeed.com/viewjob?jk=33ab486d6b2c9bd2
Junior Data Analyst,Qualient Solutions,UK,London,Presencial,45,https://uk.indeed.com/viewjob?jk=0501ff18c4042280
Data Analyst – GPMS Operations,Patria Investments,UK,Hybrid work in Edinburgh EH3 9QA,Híbrido,97,https://uk.indeed.com/viewjob?jk=b86fffa49dfee973
"Junior Developer/Analyst, Data Science and Analytics",Macquarie Group Limited,UK,London,Presencial,176,https://uk.indeed.com/viewjob?jk=eddeb56fa109edf7
Data Analyst,CoinCorner,UK,Isle Of Man IM4,Presencial,39,https://uk.indeed.com/viewjob?jk=bafbcfc90d58d91c
Data Analyst/ Editor (m/w/d),WallStreetDocs,UK,Remote,Remoto,50,https://uk.indeed.com/viewjob?jk=b9f711c2720efcd4
Data Analyst,CUBE,UK,Hybrid work in London,Híbrido,67,https://uk.indeed.com/viewjob?jk=1164c029d39ad856
Data Service Analyst,Litera,UK,Hybrid work in London,Híbrido,62,https://uk.indeed.com/viewjob?jk=09f0dff09c1fb0f9
Data Analyst,Apex Group,UK,London,Presencial,30,https://uk.indeed.com/viewjob?jk=7c70b4fc421ff34b
Data Analyst,Relay Technologies,UK,London,Presencial,64,https://uk.indeed.com/viewjob?jk=4c37c7ab8e6d32a8
Data Quality Analyst,NewDay,UK,London,Presencial,34,https://uk.indeed.com/viewjob?jk=8a367546cf35228b
DATA REPORTING ANALYST,Nexteq,UK,Hybrid work in Crawley,Híbrido,52,https://uk.indeed.com/viewjob?jk=6eb03f417d31a08c
Market Data Analyst,Institutional Shareholder Services,UK,London,Presencial,61,https://uk.indeed.com/viewjob?jk=b046fa24d6f05844
L/S Data Analyst - EMEA,Point72,UK,London,Presencial,38,https://uk.indeed.com/viewjob?jk=2756a0b4e283cb44
Data Analyst,Fortray Global Services Ltd,UK,Hybrid work in London SE7,Híbrido,66,https://uk.indeed.com/viewjob?jk=2cc06de0360e18cc
Data Analyst,7IM,UK,London EC2R,Presencial,28,https://uk.indeed.com/viewjob?jk=c7161393fa1d2282
Data Analyst (Cryptocurrency Team),Leicestershire Police,UK,Leicester,Presencial,66,https://uk.indeed.com/viewjob?jk=a8e7aea714462985
Data Analyst - Operations,Ontic,UK,Staverton,Presencial,122,https://uk.indeed.com/viewjob?jk=8d815546353043f9
Lead Data Analyst,Wiley,UK,Oxford,Presencial,30,https://uk.indeed.com/viewjob?jk=804141340b0e426a
Data Analyst (Chinese-Speaking) – Fresh Graduates Welcome!,Eeze,UK,Hybrid work in London W6 0NB,Híbrido,92,https://uk.indeed.com/viewjob?jk=2b1f1e11b5d75fc4
DATA ANALYSTS,i5 Solutions Europe Limited,UK,Manchester M1 5AN,Presencial,59,https://uk.indeed.com/viewjob?jk=4b59ceb8cb70787e
Senior Data Analyst - NZDPU,Bloomberg,UK,London WC2N 5DU,Presencial,53,https://uk.indeed.com/viewjob?jk=d3de3b60a16ea649
The Data School UK - Data Analyst/Consultant,The Information Lab,UK,London,Presencial,87,https://uk.indeed.com/viewjob?jk=ec33693ee9a15edf
Senior Data Analytics,Observational and Pragmatic Research Institute...,UK,Hybrid work in Norwich,Híbrido,94,https://uk.indeed.com/viewjob?jk=c69846000cf69c7d
Senior Data Analyst,Costain,UK,Stockton-on-Tees,Presencial,44,https://uk.indeed.com/viewjob?jk=5bce0fe2878691ea
Lead Business and Data Analyst,Deutsche Bank,UK,Hybrid work in London,Híbrido,172,https://uk.indeed.com/viewjob?jk=c9a3fd417dcd2c6c
,,UK,,Presencial,0,https://uk.indeed.com/viewjob?jk=456789abcdef0123
Junior Risk Valuation & Modeling Analyst,StoneX Group,UK,London EC2Y 5ET,Presencial,69,https://uk.indeed.com/viewjob?jk=8365c35fcdddbb1a
Operations Specialist (Data Analyst),Reputize,UK,London,Presencial,52,https://uk.indeed.com/viewjob?jk=ee5079f001ad267a
Quantitative Research Analyst Intern – BS/MS,Citadel Securities,UK,London,Presencial,70,https://uk.indeed.com/viewjob?jk=6282b5509e97ec71
Data Governance Analyst,Arch Capital Group Ltd.,UK,London,Presencial,54,https://uk.indeed.com/viewjob?jk=bc56d444d81bf1ab
Pensions Administration Data Services Assistant/Analyst,Lane Clark & Peacock,UK,Hybrid work in London,Híbrido,98,https://uk.indeed.com/viewjob?jk=d50c3aa7c00a7b93
Senior Data Analyst - Paper.io 2,Voodoo,UK,Remote in London,Remoto,56,https://uk.indeed.com/viewjob?jk=6d129191095b2981
,,UK,,Presencial,0,https://uk.indeed.com/viewjob?jk=cdef0123456789ab
Data / Business Analyst,Infoplus Technologies,UK,London,Presencial,52,https://uk.indeed.com/viewjob?jk=2bb959803f996169
Business Analyst,Projentum,UK,Manchester,Presencial,37,https://uk.indeed.com/viewjob?jk=da1176486f8512f4
Data Analyst (Water) (iQ Smart Leak Technology),Aqualogic,UK,Hybrid work in Talbot,Híbrido,79,https://uk.indeed.com/viewjob?jk=6e02f0c6d7012924
Data Analyst - Marketing,Global Insight Conferences,UK,London SE1 0NZ,Presencial,95,https://uk.indeed.com/viewjob?jk=fdb7c2e948c558f6
Commerce Analyst,Conde Nast,UK,Hybrid work in London,Híbrido,125,https://uk.indeed.com/viewjob?jk=163e75a5844e7209
AI Analyst,Webtures,UK,London,Presencial,26,https://uk.indeed.com/viewjob?jk=4aee3863a1fb4452
Performance Analyst,V Group Limited,UK,Glasgow,Presencial,43,https://uk.indeed.com/viewjob?jk=fb5ba3b39c732608
DDaT Business Systems Analyst,Northamptonshire Police,UK,Wellingborough NN8 6GS,Presencial,94,https://uk.indeed.com/viewjob?jk=4db2517c89a269ec
"Data Scientist, Product Analytics",Meta,UK,London,Presencial,45,https://uk.indeed.com/viewjob?jk=3d3858dcc57100ab
Senior UK Data Analyst,Universal Music Group,UK,London,Presencial,51,https://uk.indeed.com/viewjob?jk=3c15be3c7193b46b
2026 International Sector Analyst Internship - Proprietary Research,Point72,UK,London,Presencial,82,https://uk.indeed.com/viewjob?jk=8c5acc52cad66e38
"Data Engineer, Product Analytics",Meta,UK,London,Presencial,44,https://uk.indeed.com/viewjob?jk=e38b79944c032ccd
"Alpha Data Services – Data Analyst, Assistant Vice President",State Street,UK,London,Presencial,101,https://uk.indeed.com/viewjob?jk=0bf66e159d17f24a
Data Management and Turing Analytics Lead,Sanofi,UK,Reading,Presencial,56,https://uk.indeed.com/viewjob?jk=a48ee44eafb0832c
"Data Engineer, Product Analytics",Meta,UK,London,Presencial,44,https://uk.indeed.com/viewjob?jk=b3081725ef3474ac
Senior Data Analyst,DRW,UK,London,Presencial,30,https://uk.indeed.com/viewjob?jk=833a8bea02e6271f
Business Analyst,Edenred,UK,Hybrid work in Swindon,Híbrido,160,https://uk.indeed.com/viewjob?jk=3c41630bf8fcc134
"Consultant / Senior Consultant, Data Analytics",Teneo,UK,London,Presencial,59,https://uk.indeed.com/viewjob?jk=255ca845fd5472cd
Business Intelligence Business Analyst,Nomad Foods,UK,Woking,Presencial,57,https://uk.indeed.com/viewjob?jk=e25a93c22ea335d3
Business Analyst,Just Group,UK,Hybrid work in London,Híbrido,78,https://uk.indeed.com/viewjob?jk=2ee55d2ec14b2905
Sr. Business Intelligence Analyst,Trimble,UK,Remote,Remoto,48,https://uk.indeed.com/viewjob?jk=c99464316415da33
Market Performance Data & MI Senior Analyst,Lloyd's of London,UK,Hybrid work in London,Híbrido,153,https://uk.indeed.com/viewjob?jk=6de277ca08bbf9b9
Internal Audit-Birmingham-Analyst-Technology Audit,Goldman Sachs,UK,Birmingham,Presencial,105,https://uk.indeed.com/viewjob?jk=8eec77edab5271d0
Analyst (Deep Tech),Outsmart Insight,UK,Remote in London,Remoto,53,https://uk.indeed.com/viewjob?jk=7802887606aeafa8
Insight Analyst,G-Research,UK,London,Presencial,33,https://uk.indeed.com/viewjob?jk=b73f4b71d3d74485
Analytics & Data Insight Consultant,Accenture,UK,London,Presencial,78,https://uk.indeed.com/viewjob?jk=10cb7cea2db13f4b
Consultant (HE Data Analytics),Quacquarelli Symonds,UK,Hybrid work in London NW3 2DG,Híbrido,185,https://uk.indeed.com/viewjob?jk=92de32c0780f0471
Trainee BA (Business Analyst),Geeks Ltd,UK,London,Presencial,46,https://uk.indeed.com/viewjob?jk=e114a900d04d3124
Analyst,BPM-D,UK,Hybrid work in London,Híbrido,35,https://uk.indeed.com/viewjob?jk=2e524199476642d3
Technical Business Analyst,Commcise,UK,London,Presencial,84,https://uk.indeed.com/viewjob?jk=11549b08b8798480
Business Analyst,Universal Music Group,UK,London,Presencial,45,https://uk.indeed.com/viewjob?jk=7de350a33201f173
Business Analyst - Glasgow,CAPCO,UK,Hybrid work in London,Híbrido,119,https://uk.indeed.com/viewjob?jk=3fac9b49092c06c5
Lead Energy Market Analyst (Data),Energy Exemplar,UK,London,Presencial,56,https://uk.indeed.com/viewjob?jk=2a4035122e22a672
"Data Scientist, Product Analytics",Meta,UK,London,Presencial,45,https://uk.indeed.com/viewjob?jk=f61b31ce8bdcd6ce
Senior Data Analyst (Project Controls),Mace,UK,Hybrid work in London,Híbrido,65,https://uk.indeed.com/viewjob?jk=dac7042c348d5b11
"Lead Business Analyst, Enterprise Data",Arch Capital Group Ltd.,UK,London,Presencial,69,https://uk.indeed.com/viewjob?jk=2250fd0b3919ba14
Analyst/Sr Analyst - Modelling and Analysis (HEOR),ConnectHEOR,UK,Remote,Remoto,69,https://uk.indeed.com/viewjob?jk=d532c0e65bd4a5d5
Technical Business Analyst,Flutter Entertainment,UK,Leeds LS1 4AP,Presencial,132,https://uk.indeed.com/viewjob?jk=a7e4e6d1b181a83f
Senior Business Analyst,Hutcheon Mearns Ltd,UK,Dyce,Presencial,61,https://uk.indeed.com/viewjob?jk=3839a65ece86f27d
Risk Data Analyst - Fincrime & Fraud Monitoring,Teya,UK,London,Presencial,121,https://uk.indeed.com/viewjob?jk=31d8aca97c964dd6
Senior Business Analyst,N-able,UK,Hybrid work in Dundee DD1,Híbrido,85,https://uk.indeed.com/viewjob?jk=0f4fdb34f1e465e2
Actuarial Analyst - Analytics,Beazley Management Limited,UK,Birmingham B3,Presencial,189,https://uk.indeed.com/viewjob?jk=5e5cc0ba723ddf18
Staff Data Analyst - Growth (m/f/x),FINN,DE,Hybrides Arbeiten in München,Híbrido,204,https://de.indeed.com/viewjob?jk=e442fde323743228
Junior Controller (m/w/d) mit IT- & Data-Affinität / Junior Data Analyst Finance Köln,Deutsche Verrechnungsstelle AG,DE,51063 Köln,Presencial,262,https://de.indeed.com/viewjob?jk=0e8af4b88990dadf
Business Analyst (m/w/d) mit Schwerpunkt DWH & Datenmodellierung,Württembergische Versicherung AG,DE,70806 Kornwestheim,Presencial,194,https://de.indeed.com/viewjob?jk=221b070d3c3c1dba
Client Reporting Manager/in - Data Analyst/in (m/w/d) im Forderungsmanagement,LINK Financial GmbH,DE,60314 Frankfurt am Main,Presencial,181,https://de.indeed.com/viewjob?jk=a088c39b911ae6dc
Senior Data-Analyst/in (all genders),ALBAG Unternehmensgruppe GmbH,DE,Essen,Presencial,134,https://de.indeed.com/viewjob?jk=6ce80b31a534f774
Data Engineer (m/w/d),Data Insight Consulting GmbH,DE,Hybrides Arbeiten in 22083 Hamburg,Híbrido,262,https://de.indeed.com/viewjob?jk=e84b19159db7e88b
Energiemanager / Data Analyst (m/w/d),Techem Energy Services GmbH,DE,65760 Eschborn,Presencial,197,https://de.indeed.com/viewjob?jk=2d18135a0444583b
"Sr. Data Scientist (Kaiserslautern, Germany)",JANSON,DE,Hybrides Arbeiten in 67659 Kaiserslautern,Híbrido,167,https://de.indeed.com/viewjob?jk=5adf47b666e99583
Online Marketing Analyst /Senior Digital Analyst,ATG Entertainment GmbH,DE,50679 Köln,Presencial,191,https://de.indeed.com/viewjob?jk=22ddaf5a5580796b
"Mid-Level Data Engineer (Kaiserslautern, Germany)",JANSON,DE,Hybrides Arbeiten in 67659 Kaiserslautern,Híbrido,155,https://de.indeed.com/viewjob?jk=b032baab88b1d7f1
Business Intelligence Consultant (m/w/d),Premium Food Group ApS & Co. KG,DE,33332 Gütersloh,Presencial,216,https://de.indeed.com/viewjob?jk=1aa9999fd14dae1e
"Mid-Level Data Engineer (Kaiserslautern, Germany)",JANSON,DE,Hybrides Arbeiten in 67659 Kaiserslautern,Híbrido,155,https://de.indeed.com/viewjob?jk=00f5aaea7e0cb116
CRM System Spezialist & Data Analyst (w/m/d),FRITZ!,DE,10115 Berlin,Presencial,152,https://de.indeed.com/viewjob?jk=1dcf93f0a21a155a
BI Consultant (m/w/d) Schwerpunkt Qlik Sense / SAP,expertum GmbH,DE,74613 Öhringen,Presencial,91,https://de.indeed.com/viewjob?jk=3e1aee5d0969f390
Data Analyst & CRM Performance Manager (m/w/d),aufinity Group,DE,50672 Köln,Presencial,181,https://de.indeed.com/viewjob?jk=8ff6013e3487f088
Supply Chain Planning Analyst,Kip Holding GmbH & Co. KG,DE,46395 Bocholt,Presencial,114,https://de.indeed.com/viewjob?jk=c5814980ebedf256
RMF & Authorizations Analyst,General Dynamics Information Technology,DE,Wiesbaden,Presencial,78,https://de.indeed.com/viewjob?jk=61f6571dd6e5aabe
Analyst (w/m/d),Robert Half,DE,50678 Köln,Presencial,96,https://de.indeed.com/viewjob?jk=b37566439adfa8fe
Business Analyst (BSA) – P2P Process (m/f/d),REPA Deutschland GmbH,DE,Hybrides Arbeiten in 85232 Bergkirchen,Híbrido,188,https://de.indeed.com/viewjob?jk=7a4cac578865e775
Google Ads Analyst (m/f/d),Pflegia,DE,10115 Berlin,Presencial,109,https://de.indeed.com/viewjob?jk=25ef5aa607e3c9f9
Junior Project Manager (German-Speaking),Mastercard,DE,Frankfurt am Main,Presencial,78,https://de.indeed.com/viewjob?jk=09f0fbd99f6a7621
Sustainability Data Analyst (m/w/d),Global Changer,DE,Homeoffice,Presencial,216,https://de.indeed.com/viewjob?jk=398e71d41f1a69bb
Game Data Analyst - All in Hole,Homa,DE,Homeoffice in Berlin,Presencial,115,https://de.indeed.com/viewjob?jk=7f5b2ad34c0f3430
Werkstudent: in Business/ Data Analyst (m/w/d) - remote oder Karlsruhe,Knuddels GmbH & Co. KG,DE,Homeoffice in 76133 Karlsruhe,Presencial,149,https://de.indeed.com/viewjob?jk=3901457495a8dcce
Staff Energy Data Analyst (m/f/d),Entrix,DE,80802 München,Presencial,124,https://de.indeed.com/viewjob?jk=3467fd6d081ae07a
Principal Data Product & Visualization Analyst - Remote or Hamburg (all genders),Baqend,DE,22769 Hamburg,Presencial,143,https://de.indeed.com/viewjob?jk=0b1f01985568b0ce
Product Analyst – Business Data & Insights (m/f/d),Integrity Next GmbH,DE,Homeoffice,Presencial,107,https://de.indeed.com/viewjob?jk=b02a781f9b9294c9
Data Manager | Data Analyst (m/w/d) für B2B-Online-Marketing,LUMITOS AG,DE,Homeoffice,Presencial,131,https://de.indeed.com/viewjob?jk=86376b936a1fc16b
Data Science Specialist (m/w/d),IT-P GmbH,DE,30173 Hannover,Presencial,109,https://de.indeed.com/viewjob?jk=c0a96e950244b921
Senior Data Analyst (m/f/d) - Shop Analytics - onsite in Hamburg,ABOUT YOU SE & Co. KG,DE,Hamburg,Presencial,159,https://de.indeed.com/viewjob?jk=cfad3310b7c1e7e7
Senior Tax Analyst/Tax Manager EMEA (with focus on Germany),Axalta Coating Systems Gm,DE,50858 Köln,Presencial,130,https://de.indeed.com/viewjob?jk=8ec47e1bae05c810
Senior Tax Analyst/Tax Manager EMEA (with focus on Germany),Axalta Coating Systems Gm,DE,42285 Wuppertal,Presencial,135,https://de.indeed.com/viewjob?jk=e1870eac7a20dd90
(Senior) Analytical Engineer (m/w/d),ENERTRAG SE,DE,Hybrides Arbeiten in 17291 Schenkenberg,Híbrido,202,https://de.indeed.com/viewjob?jk=e71286ab131aac8d
Spezialist/in Vertriebscontrolling (m/w/d),compexx Finanz AG,DE,93059 Regensburg,Presencial,151,https://de.indeed.com/viewjob?jk=c5f89b9d6459b029
Praktikum Einkauf International - Commodity Analyst in Neckarsulm,Lidl Stiftung,DE,Deutschland,Presencial,100,https://de.indeed.com/viewjob?jk=f1e479ac42920b37
CRM Strategy & Operations Manager – Microsoft Dynamics 365 Sales (m/w/d),Triflex GmbH & Co. KG,DE,32423 Minden,Presencial,216,https://de.indeed.com/viewjob?jk=78fa746c9e6f479c
C4 GCCS-J System Administrator,General Dynamics Information Technology,DE,Grafenwöhr,Presencial,81,https://de.indeed.com/viewjob?jk=00b7e81289c01129
"Senior Analyst - BCG Vantage, Asset & Wealth Management",Boston Consulting Group,DE,60325 Frankfurt am Main,Presencial,112,https://de.indeed.com/viewjob?jk=8bf4d88263b79873
Senior IT Consultant (w/m/d),items GmbH & Co. KG,DE,Münster,Presencial,162,https://de.indeed.com/viewjob?jk=585d211e435e9a82
Duales Studium Wirtschaftsinformatik (B.Sc.) am Campus oder virtuell,IU Duales Studium,DE,Hybrides Arbeiten in 70173 Stuttgart,Híbrido,155,https://de.indeed.com/viewjob?jk=4cbbf197a7b9bf0d
Duales Studium Wirtschaftsinformatik (B.Sc.) am Campus oder virtuell,IU Duales Studium,DE,Hybrides Arbeiten in 50667 Köln,Híbrido,150,https://de.indeed.com/viewjob?jk=e73c3982e1b3d7b2
Duales Studium Wirtschaftsinformatik (B.Sc.) am Campus oder virtuell,IU Duales Studium,DE,Hybrides Arbeiten in 20095 Hamburg,Híbrido,153,https://de.indeed.com/viewjob?jk=96d8f412a59cd812
,,DE,,Presencial,0,https://de.indeed.com/viewjob?jk=890abcdef0123456
Duales Studium Wirtschaftsinformatik (B.Sc.) am Campus oder virtuell,IU Duales Studium,DE,Hybrides Arbeiten in 10115 Berlin,Híbrido,152,https://de.indeed.com/viewjob?jk=06e28e78f0fae2d3
Consultant Commodity Trading (all genders) - BCG Platinion,Boston Consulting Group,DE,20095 Hamburg,Presencial,96,https://de.indeed.com/viewjob?jk=01864f97a0c31109
Senior Business Partner Finance (m/f/d),Agile Robots SE,DE,81369 München,Presencial,116,https://de.indeed.com/viewjob?jk=85a7208bff89180b
Business Controller (m/w/d),NORRES Schlauchtechnik GmbH,DE,45881 Gelsenkirchen,Presencial,204,https://de.indeed.com/viewjob?jk=21de2ab6f1750592
Consultant Commodity Trading (all genders) - BCG Platinion,Boston Consulting Group,DE,Berlin,Presencial,89,https://de.indeed.com/viewjob?jk=b5b46203cd94eee8
Consultant Commodity Trading (all genders) - BCG Platinion,Boston Consulting Group,DE,München,Presencial,90,https://de.indeed.com/viewjob?jk=286b3ae130f35c98
PERFORMANCE & GROWTH MARKETING MANAGER (m/w/d) – Lead B2C,eFoil Riders,DE,80805 München,Presencial,243,https://de.indeed.com/viewjob?jk=c831467305671517
Datenanalyse mit Fokus auf BI,n_value group,DE,76131 Karlsruhe,Presencial,167,https://de.indeed.com/viewjob?jk=af65f76940a4b2dc
Corporate Development Analyst (m/f/d),SAP Fioneer,DE,Hybrides Arbeiten in Berlin,Híbrido,172,https://de.indeed.com/viewjob?jk=828b44ae9263dad1
Software Test Analyst *,valantic Software & Technology Innovations GmbH,DE,10243 Berlin-Friedrichshain,Presencial,230,https://de.indeed.com/viewjob?jk=c39f1eb84de9a46f
"Scientific Business Analyst- Darmstadt or Düsseldorf, Germany",TetraScience,DE,Frankfurt am Main,Presencial,146,https://de.indeed.com/viewjob?jk=6cf95a2864c449d4
Senior Data Scientist (f/m/d),justtrack,DE,Hybrides Arbeiten in 20095 Hamburg,Híbrido,91,https://de.indeed.com/viewjob?jk=de943772fec8c367
Senior Data Scientist (m/w/d) – Generative KI,Libri GmbH,DE,Hamburg,Presencial,121,https://de.indeed.com/viewjob?jk=ccfa33ba7cfe1473
"Senior Data Engineer at Advertising Platform (Remote, PH-based only)",OneTeamAnywhere,DE,Homeoffice in Berlin,Presencial,191,https://de.indeed.com/viewjob?jk=bfc829fb27128772
SAP Business Analyst Schwerpunkten Master Data & Finance (w/m/d),Digital Development,DE,30177 Hannover,Presencial,155,https://de.indeed.com/viewjob?jk=8b3dafd98077d816
Analyst Financial Planning & Reporting / Finance Business Partner Holding (m/w/d),Mangrove GermanCo II GmbH,DE,Herne,Presencial,130,https://de.indeed.com/viewjob?jk=44f41c3b4e71904d
"Senior Project Manager/Business Analyst, Life Sciences - EU",fme Life Sciences,DE,Homeoffice in Frankfurt am Main,Presencial,135,https://de.indeed.com/viewjob?jk=503b142562e95060
(Senior) Technical Business Analyst (m/f/d) - Supply Tech - Hamburg (hybrid),ABOUT YOU SE & Co. KG,DE,Hybrides Arbeiten in Hamburg,Híbrido,228,https://de.indeed.com/viewjob?jk=f78c80458c389069
Venture Capital - Visiting Investment Analyst (m/f/d),T.Capital,DE,Deutschland,Presencial,92,https://de.indeed.com/viewjob?jk=4e623dea7b1b9eb1
Werkstudent/in Data Analyst (w/m/d) - deutschlandweit,Relevo,DE,80538 München,Presencial,123,https://de.indeed.com/viewjob?jk=3201d5b95d5b04c2
Data Analyst,mrge-group-gmbh,DE,Hybrides Arbeiten in 10997 Berlin-Kreuzberg,Híbrido,172,https://de.indeed.com/viewjob?jk=ab5f97415db118f4
